INSERT INTO STUDENTS(SNUMBER, SNAME, EGN)
VALUES (1,  'Nate Riley',       '0234871293'),
       (2,  'Kevin Everett',    '0183402985'),
       (3,  'Mariya Robbins',   '0093604284'),
       (4,  'Ivy Cuevas',       '0212098101'),
       (5,  'Milton Pruitt',    '0293561274'),
       (6,  'Amber Lamb',       '0193451283'),
       (7,  'Diana Moon',       '0253129873'),
       (8,  'Colby Chen',       '0299521098'),
       (9,  'Beth Nelson',      '0293561274'),
       (10, 'Dhruv Leblanc',    '0287432189'),
       (11, 'Owain Greer',      '0391340921'),
       (12, 'Leah Chandler',    '0182834905'),
       (13, 'Emily Clark',      '0299432398'),
       (14, 'Dorothy Estes',    '0287120976'),
       (15, 'Addie Ochoa',      '0209756199'),
       (16, 'Kobi Hill',        '0183771207'),
       (17, 'Anton Johns',      '0132815610'),
       (18, 'Tim Nichols',      '0220946128'),
       (19, 'Jada Buck',        '0233957839'),
       (20, 'Dillon Moran',     '0123996498'),
       (21, 'Dominik Kelly',    '0088523963'),
       (22, 'Eden Rivers',      '0295238161'),
       (23, 'Alia Barton',      '0241973197'),
       (24, 'Ross Green',       '0235143962'),
       (25, 'Mateo Fields',     '0216382863'),
       (26, 'Ashley Rice',      '0210973525'),
       (27, 'Amanda Mejia',     '0246514865'),
       (28, 'Georgia Griffin',  '0278342530'),
       (29, 'Christina Potter', '0276146269'),
       (30, 'Jake Taylor',      '0174536492'),
       (31, 'Larry Adams',      '0136346782'),
       (32, 'Adil Brown',       '0264382772'),
       (33, 'Damian Sampson',   '0274732998'),
       (34, 'Jayson Cortez',    '0284738278'),
       (35, 'Ifan Dale',        '0273746837');

INSERT INTO FACULTIES(FCODE, FNAME, ADDRESS)
VALUES (9830, 'Faculty of Mathematics and Informatics',           'Sofia, 5 James Bourchier Blvd.'),
       (4053, 'Faculty of Physics',                               'Sofia, 5 James Bourchier Blvd.'),
       (3218, 'Faculty of Chemistry and Pharmacy',                'Sofia, 1 James Bourchier Blvd.'),
       (3451, 'Faculty of Economics and Business Administration', 'Sofia, 125 Tsarigradsko Shose Blvd., bl.3'),
       (1234, 'Faculty of Biology',                               'Sofia, 8 Dragan Tsankov Blvd.'),
       (2135, 'Faculty of Medicine',                              'Sofia, 1 Kozyak Str.'),
       (9387, 'Faculty of Law',                                   'Sofia, 15 Tsar Osvoboditel Blvd.');

INSERT INTO EXAMS(ECODE, ENAME, DATE, FCODE)
VALUES (6712, 'Mathematics',           '2023-03-21', 9830),
       (6394, 'Physics',               '2023-04-15', 4053),
       (5410, 'Biology',               '2023-03-10', 1234),
       (8741, 'Chemistry',             '2023-04-18', 3218),
       (6523, 'Biology and Chemistry', '2023-03-05', 2135),
       (6501, 'Mathematics',           '2023-04-20', 3451),
       (9961, 'Physics',               '2023-04-25', 4053),
       (7182, 'Mathematics',           '2023-03-28', 4053),
       (9435, 'Ethics and Law',        '2023-03-13', 9387),
       (5613, 'Bulgarian language',    '2023-04-23', 9387);

INSERT INTO EXAM_REQUESTS(SNUMBER, ECODE, REQUEST_DATE, ESESSION)
VALUES (2,  6712, '2023-02-16', 1),
       (32, 9435, '2023-02-10', 1),
       (29, 6523, '2023-01-15', 1),
       (6,  7182, '2023-02-15', 2),
       (12, 5613, '2023-03-02', 2),
       (13, 9961, '2023-02-19', 2),
       (19, 6501, '2023-01-29', 1),
       (17, 6394, '2023-02-17', 1),
       (10, 9435, '2023-02-16', 1),
       (3,  8741, '2023-02-09', 1),
       (4,  9961, '2023-02-20', 2),
       (8,  5613, '2023-02-18', 2),
       (9,  6712, '2023-01-10', 1),
       (20, 6523, '2023-01-17', 1),
       (21, 6501, '2023-02-12', 1),
       (34, 8741, '2023-01-19', 1),
       (35, 6394, '2023-01-14', 1),
       (31, 6712, '2023-02-03', 1),
       (33, 6712, '2023-01-27', 1),
       (30, 9961, '2023-02-02', 2),
       (1,  9435, '2023-02-19', 1),
       (7,  8741, '2023-01-15', 1),
       (5,  6712, '2023-02-01', 1),
       (11, 6523, '2023-01-14', 1),
       (22, 6712, '2023-02-01', 1),
       (23, 6394, '2023-01-15', 1),
       (24, 8741, '2023-01-15', 1),
       (25, 9435, '2023-02-15', 1),
       (16, 6523, '2023-02-10', 1),
       (27, 5410, '2023-02-03', 1),
       (28, 5410, '2023-02-15', 1),
       (14, 9961, '2023-03-15', 2),
       (15, 6712, '2023-02-15', 1),
       (18, 6712, '2023-01-15', 1),
       (1,  5613, '2023-02-18', 1),
       (32, 7182, '2023-02-19', 1),
       (33, 7182, '2023-01-14', 1),
       (12, 9435, '2023-01-27', 1),
       (16, 5410, '2023-02-05', 1),
       (10, 6523, '2023-02-13', 2),
       (8,  6523, '2023-02-19', 2),
       (3,  5410, '2023-01-26', 2),
       (18, 6394, '2023-02-01', 1),
       (23, 7182, '2023-01-23', 1),
       (18, 7182, '2023-02-01', 1),
       (16, 8741, '2023-02-08', 1),
       (10, 8741, '2023-01-24', 1),
       (19, 6712, '2023-01-25', 1),
       (35, 6712, '2023-01-28', 1),
       (32, 6523, '2023-02-19', 1),
       (31, 6523, '2023-02-23', 1),
       (30, 6712, '2023-02-28', 1),
       (20, 5613, '2023-02-25', 1),
       (29, 8741, '2023-02-26', 1),
       (21, 6394, '2023-02-27', 1),
       (27, 8741, '2023-02-22', 1),
       (26, 5410, '2023-01-29', 1),
       (25, 5613, '2023-01-22', 1),
       (15, 5410, '2023-01-21', 1),
       (13, 6501, '2023-02-21', 1),
       (14, 7182, '2023-02-27', 1),
       (7,  7182, '2023-02-13', 1),
       (9,  9961, '2023-01-04', 2),
       (4,  6394, '2023-01-06', 1),
       (1,  5410, '2023-01-07', 1),
       (6,  5410, '2023-01-09', 1),
       (19, 7182, '2023-01-10', 1),
       (14, 6712, '2023-01-08', 1),
       (2,  8741, '2023-01-11', 1),
       (5,  6501, '2023-01-12', 1);


INSERT INTO STUDENT_EXAMS(SNUMBER, ECODE, GRADE)
VALUES (1,  9435, 3.54),
       (1,  5410, 4.82),
       (2,  8741, 4.87),
       (2,  6712, 5.64),
       (3,  8741, 4.34),
       (3,  5410, 5.32),
       (4,  9961, 3.27),
       (4,  6394, 4.00),
       (5,  6712, 4.54),
       (5,  6501, 3.72),
       (6,  7182, 4.45),
       (6,  5410, 5.32),
       (7,  8741, 3.65),
       (7,  7182, 6.00),
       (8,  5613, 3.54),
       (8,  6523, 3.76),
       (9,  6712, 2.76),
       (9,  9961, 2.68),
       (10, 9435, 2.98),
       (10, 6523, 6.00),
       (10, 8741, 5.46),
       (11, 6523, 5.76),
       (12, 6523, 5.87),
       (12, 9435, 2.87),
       (13, 9961, 3.55),
       (13, 6501, 4.23),
       (14, 9961, 3.12),
       (14, 7182, 3.87),
       (14, 6712, 5.43),
       (15, 6712, 5.12),
       (15, 5410, 5.43),
       (16, 6523, 6.00),
       (16, 5410, 3.90),
       (16, 8741, 4.09),
       (17, 6394, 2.10),
       (18, 6712, 2.48),
       (18, 6394, 2.90),
       (18, 7182, 5.90),
       (19, 6501, 5.79),
       (19, 6712, 5.78),
       (19, 7182, 3.67),
       (20, 6523, 5.45),
       (20, 5613, 5.23),
       (21, 6501, 5.87),
       (21, 6394, 4.74),
       (22, 6712, 4.25),
       (23, 6394, 4.95),
       (23, 7182, 4.36),
       (24, 8741, 4.78),
       (25, 9435, 3.23),
       (25, 5613, 3.98),
       (26, 5410, 3.34),
       (27, 5410, 3.98),
       (27, 8741, 6.00),
       (28, 5410, 6.00),
       (29, 6523, 6.00),
       (29, 8741, 3.95),
       (30, 9961, 4.86),
       (30, 6712, 4.54),
       (31, 6712, 2.54),
       (31, 6523, 4.23),
       (32, 9435, 4.45),
       (32, 7182, 3.87),
       (32, 6523, 4.92),
       (33, 6712, 6.00),
       (33, 7182, 5.02),
       (34, 8741, 5.19),
       (35, 6394, 5.92),
       (35, 6712, 4.95);

